tweetID,tweetText,tweetRetweetCt,tweetFavoriteCt,tweetSource,tweetCreated,Location
1270072673591320000,"RT @YourAnonCentral: Derek Chauvin, the former Minneapolis police officer who street executed #GeorgeFloyd, is scheduled to make his first‚Ä¶",2488,0,Twitter for Android,6/8/20 19:18,"Cali, Colombia"
1270072672928410000,"RT @JoshuaPotash: This is so crazy Brisbane, Australia might‚Äôve had the biggest #BlackLivesMatter protest on earth. https://t.co/ValcFTlMMa",1365,0,Twitter for iPhone,6/8/20 19:18,"Tracy, CA"
1270072672915980000,RT @iamladyharmony: I wrote this in 2015! Damn shame it‚Äôs still relevant every other damn day! #BrandonWebber #jeffreydennis #emanticfitzge‚Ä¶,50,0,Twitter Web App,6/8/20 19:18,United States
1270072672874100000,"RT @SikhProf: London SHOWED UP for racial justice #BlackLivesMatter 
https://t.co/3lRDv7Fr1m",965,0,Twitter for iPhone,6/8/20 19:18,"Manhattan, NY"
1270072672412500000,RT @AndreasHale: I love pro wrestling. I love black people. I don‚Äôt love having to have these conversations about why #BlackLivesMatter but‚Ä¶,174,0,Twitter Web App,6/8/20 19:18,"Inglewood, CA"
1270072672299420000,RT @MJJJusticePrjct: Because #MichaelJackson taught his children well - https://t.co/OLRegGgwLu  We are so very proud of him and his childr‚Ä¶,4,0,Twitter Web App,6/8/20 19:18,Canada
1270072671913540000,RT @PopCrave: Donald Trump‚Äôs star on the Hollywood Walk of Fame was blacked out amid #BlackLivesMatter protests. ‚≠êÔ∏è üö´ https://t.co/io6FcaKM‚Ä¶,1262,0,Twitter for iPhone,6/8/20 19:18,Killadelphia
1270072671087320000,RT @billboard: Big Hit Entertainment and #BTS' $1 million donation to #BlackLivesMatter inspired fans to band together and match giving tha‚Ä¶,1770,0,TwitPane for Android,6/8/20 19:18,Korea seoul
1270072669774450000,"RT @JoshuaPotash: Okay this is LA‚Äôs #BlackLivesMatter protest today.

 https://t.co/QnAOUHL8Np",73692,0,Twitter for iPhone,6/8/20 19:18,"Houston, TX"
1270072669602550000,RT @BillieJeanKing: Part of the reason I‚Äôm a fan of #BTS - their commitment to make the world a better place. Cheers to their $1M donation‚Ä¶,593,0,Twitter for iPhone,6/8/20 19:18,United States
1270072669367600000,"RT @wet_bts: Karma is an ARMY
Bangtan voodoo is real

Be grateful ARMY only share about it through dm. Cos why? Cos there are more importan‚Ä¶",8,0,Twitter for iPhone,6/8/20 19:18,"Seoul, Republic of Korea"
1270072668847500000,RT @jeremycorbyn: Full support to those Labour MPs facing a torrent of abuse for standing up to racism and pointing out the barbaric histor‚Ä¶,2820,0,Twitter for iPhone,6/8/20 19:18,"Middlesbrough, England"
1270072668210030000,"RT @nic_melcocha: ‚öúÔ∏è ¬øPorque el movimiento #BlackLivesMatter es tan viral? Por estos momentos de injusticia 

#PLOMO19 

@mijamart88 @tania‚Ä¶",1,0,Twitter for Android,6/8/20 19:18,Nicaragua
1270072667429890000,"RT @JoshuaPotash: Staggering.

This is the #BlackLivesMatter protest in Rome today.

 https://t.co/jRrRZtmp9w",7969,0,Twitter for iPhone,6/8/20 19:18,Rodney's Lap
1270072667375370000,"RT @LADevibez: Out Now!!! Bad Govament by @ladevibez (video on YouTube)

https://t.co/wMdJnysUN7

#badgovament #badgovernment
#BlackLivesMa‚Ä¶",7,0,Twitter for Android,6/8/20 19:18,"Kaduna, Nigeria"
1270072667215780000,RT @Knowlesitall: K-Pop Action: @BTS_twt and #BTSArmy Raise $2M for #BlackLivesMatter https://t.co/SvHe3kEHRe,7200,0,Twitter for Android,6/8/20 19:18,"New Delhi, India"
1270072667115300000,RT @Michael_Thawe: This is the lived daily experience for every black ‚Å¶@UKLabour‚Å© MP. If Starmer can't see it then his trust with black soc‚Ä¶,18,0,Twitter for Android,6/8/20 19:18,UK
1270072666830110000,"RT @JoshuaPotash: Okay this is LA‚Äôs #BlackLivesMatter protest today.

 https://t.co/QnAOUHL8Np",73692,0,Twitter for iPhone,6/8/20 19:18,"Chicago, IL"
1270072666557280000,RT @MurielBowser: #BlackLivesMatter https://t.co/OQg6977n5r,137067,0,Twitter for iPhone,6/8/20 19:18,Malaysia
1270072665340960000,"RT @desusnice: it's monday. arrest the cops who killed Breonna Taylor.

#JusticeforBreonnaTaylor #BlackLivesMatter https://t.co/AauxMk9pY4",32808,0,Twitter for Android,6/8/20 19:18,"Santa Maria, CA"
1270072664732780000,"RT @desusnice: it's monday. arrest the cops who killed Breonna Taylor.

#JusticeforBreonnaTaylor #BlackLivesMatter https://t.co/AauxMk9pY4",32808,0,Twitter for iPhone,6/8/20 19:18,"Denver, CO"
1270072664342820000,For my new show 'The Right Side of Stupid?' I examine a piece by Tucker Carlson as he compares #blacklivesmatter wi‚Ä¶ https://t.co/eOOAE7oWvd,0,0,Twitter Web App,6/8/20 19:18,"Gillingham, England"
1270072664061680000,"RT @w_terrence: David Dorn had 10 Grandchildren

David Dorn was Innocent 

David Didn‚Äôt Commit a Crime

David Dorn tried to Protect others‚Ä¶",2483,0,Twitter for iPhone,6/8/20 19:18,"San Diego, CA"
1270072663864550000,"RT @QuetzalliAle: Thank you @eddiezane for helping us bring it to $8,551!

#TwitterFamily, help us reach our goal of fundraising 10K for th‚Ä¶",3,0,Twitter for iPhone,6/8/20 19:18,"Phoenix, AZ"
1270072663143300000,"RT @dankdaddycakes: #BlackLivesMatter Protest in ventura, california. Amazing turnout. https://t.co/LX2GiKgpj4",468,0,Twitter for iPhone,6/8/20 19:18,"Pontiac, MI"
1270072662451200000,"RT @flywithkamala: Meghan McCain asks Kamala Harris whether she is ‚Äúdefunding the police,‚Äù then proceeds to get schooled by her and Sunny H‚Ä¶",1082,0,Twitter Web App,6/8/20 19:18,"Philadelphia, PA"
1270072662316970000,"RT @NAPD2013: Open thread to share your march photos and videos in comments.  #BLMtoPublicDefenders
#BlackLivesMatter https://t.co/FwYoBZgo‚Ä¶",1,0,Twitter Web App,6/8/20 19:18,"Washington, DC"
1270072662036040000,"RT @KTHopkins: Huge crowds here at the #BlackLivesMatter protest in Westminster. 

So many signs; 
The U.K. is not innocent 
Defund the pol‚Ä¶",317,0,Twitter Web App,6/8/20 19:18,United States of America
1270072661868030000,RT @holyfaulkner: here‚Äôs a thread of petitions i KNOW you haven‚Äôt signed yet #BlackLivesMatter https://t.co/EzNOzTj7In,31503,0,Twitter for iPhone,6/8/20 19:18,University of Oregon 
1270072661377510000,RT @Knowlesitall: K-Pop Action: @BTS_twt and #BTSArmy Raise $2M for #BlackLivesMatter https://t.co/SvHe3kEHRe,7200,0,Twitter for Android,6/8/20 19:18,"Sandton, South Africa"
1270072661155000000,RT @RoryLinnane: Antines Davis taught a group of Milwaukee protesters how to sign ‚Äú#blacklivesmatter‚Äù in #ASL https://t.co/7dewt5zmj1,2919,0,Twitter for Android,6/8/20 19:18,"California, USA"
1270072660714750000,"RT @masakakids: Let's Unite Through Dance ‚úäüèø‚úäüåé
- Full Video üëáüëá
https://t.co/n7BJcxJIIa
- Coming Soon || 12 - June - 2020
Song: '' Together‚Ä¶",10,0,Twitter Web App,6/8/20 19:18,"Minas Gerais,Brazil"
1270072660068830000,"RT @eviebarnesx: #londonprotest #blacklivesmatter 
What they won‚Äôt show you https://t.co/jneUOB5MOs",7530,0,Twitter for iPhone,6/8/20 19:18,London
1270072660026940000,"It looks to me like theses *Major Jewish Cotton Dealers* have been in the slave trade for centuries.  

Prove me wr‚Ä¶ https://t.co/KeAEWRmSaG",0,0,Twitter Web App,6/8/20 19:18,"Ammosexual, TX"
1270072659791860000,"When we (Black people) post on social media that we notice those that are silent on Black equality issues, that mea‚Ä¶ https://t.co/EMtdaQ8S26",0,0,Twitter for iPhone,6/8/20 19:18,"Los Angeles, CA"
1270072659385160000,"RT @ILCChurch: James 2:17

Hey Church,
Please follow the link in our bio for more ways you can get involved and help.

#BlackLivesMatter ht‚Ä¶",2,0,Twitter for iPad,6/8/20 19:18,"Beijing, China"
1270072658877730000,"RT @BryanRolli: In less than 24 hours, the BTS ARMY matched @BTS_twt's $1 million donation to #BlackLivesMatter. Don't ever let anybody tel‚Ä¶",2565,0,Twitter for iPhone,6/8/20 19:18,Kashmir
1270072658198220000,RT @Jase_Paisley: #DemExit #RestoreDemocracy #BlackLivesMatter #DefundThePolice https://t.co/HmZsWVKkJj,2,0,Twitter Web App,6/8/20 19:18,"Colorado, USA"
1270072657434850000,"RT @SikhProf: Sydney, Australia showing up for racial justice. #BlackLivesMatter

https://t.co/CGC7L2ZR8f",1293,0,Twitter for iPhone,6/8/20 19:18,"Manhattan, NY"
1270072657002680000,"RT @tariqnasheed: Get the Blackest, most thorough documentary series on Black history ever.....

Hidden Colors 1 through 5 at https://t.co/‚Ä¶",95,0,Twitter for Android,6/8/20 19:18,"Seattle, WA"
1270072655975150000,"RT @EdwardTHardy: If @Amazon truly believes that #BlackLivesMatter, why is it still advertising on Breitbart?",170,0,Twitter for Android,6/8/20 19:18,"Kentucky, USA"
1270072655769670000,RT @LFlowers_A: #BlackintheIvory Submitting a manuscript in a pandemic with people who protected the guy that harassed you since the start‚Ä¶,1,0,Twitter for iPhone,6/8/20 19:18,"Chicago, IL"
1270072655618710000,"RT @NOH8Campaign: Pride started as a protest.
Pride is still a protest.
Pride will always be a protest until we achieve full equality &amp; jus‚Ä¶",797,0,Twitter Web App,6/8/20 19:18,South Africa
1270072655471950000,"RT @JoshuaPotash: Okay this is LA‚Äôs #BlackLivesMatter protest today.

 https://t.co/QnAOUHL8Np",73692,0,Twitter for iPhone,6/8/20 19:18,"Massachusetts, USA"
1270072655316750000,RT @MbuyiseniNdlozi: It is the hatred of blacks that drove them digging archives to recycle stale VBS allegation in order to undermine a #B‚Ä¶,253,0,Twitter for Android,6/8/20 19:18,Johannesburg
1270072655165570000,"RT @veryowengray: If you aren‚Äôt black you can never truly understand their experiences. Please LISTEN, reflect, and give support where you‚Ä¶",314,0,Twitter for iPhone,6/8/20 19:18,"San Francisco, CA"
1270072654893130000,RT @Knowlesitall: K-Pop Action: @BTS_twt and #BTSArmy Raise $2M for #BlackLivesMatter https://t.co/SvHe3kEHRe,7200,0,Twitter Web App,6/8/20 19:18,Trouxaland
1270072654553180000,"RT @BLeeForCongress: Change is coming. All around the world, people are marching for justice &amp; embodying the future we want to see. Because‚Ä¶",6,0,Twitter for Android,6/8/20 19:18,Phoenix AZ
1270072653097970000,"RT @JoshuaPotash: Staggering.

This is the #BlackLivesMatter protest in Rome today.

 https://t.co/jRrRZtmp9w",7970,0,Twitter Web App,6/8/20 19:18,canada
1270072652875640000,RT @jeremycorbyn: Full support to those Labour MPs facing a torrent of abuse for standing up to racism and pointing out the barbaric histor‚Ä¶,2822,0,Twitter for iPhone,6/8/20 19:18,"Plymouth, England"
1270072651709580000,"RT @Justin12393LEE: @realDonaldTrump Absolutely shocking! See how many police cars were totally destroyed in #LosAngeles, #California! OMG!‚Ä¶",2,0,Twitter for iPhone,6/8/20 19:18,England
1270072651365540000,"‚úäüèæüè≥Ô∏è‚Äçüåà
#BlackLivesMatter #weho https://t.co/WaIgeLVe7j",0,0,Twitter for iPad,6/8/20 19:18,"West Hollywood, CA"
1270072651265040000,hello everyone using #blacklivesmatterbelgium #blacklivesmatter https://t.co/iVicGNStjz,0,0,Twitter Web App,6/8/20 19:18,guatemala
1270072650753360000,"RT @Patrici15767099: Chicago‚Äôs most violent day in 60 years: 18 murders in 24 hours - this is what Democrats, #ANTIFA, and #BlackLivesMatte‚Ä¶",132,0,Twitter for iPhone,6/8/20 19:18,"Florida, USA"
1270072649364970000,Wonder what happened to the #beachReaper's bodybags? Will he need them for #BLM #BlackLivesMatter #antifa? https://t.co/jpqs9fheDq,0,0,Twitter for iPhone,6/8/20 19:18,United States
1270072647817150000,"RT @ajplus: BTS fans raised $1 million for #BlackLivesMatter as well as bailout funds and groups fighting racial injustice, matching a $1 m‚Ä¶",122,0,Twitter for iPhone,6/8/20 19:18,Australia
1270072647129440000,RT @jeremycorbyn: Full support to those Labour MPs facing a torrent of abuse for standing up to racism and pointing out the barbaric histor‚Ä¶,2822,0,Twitter for Mac,6/8/20 19:18,"Dublin City, Ireland"
1270072646928080000,"LA ..‚ÄºÔ∏è 

#blacklivesmatter #represent #love #standup https://t.co/sBYsvK2Y5t",0,0,Instagram,6/8/20 19:18,"Los Angeles, CA"
1270072646793710000,RT @scarecrowbar: ‚ÄúI'd rather be a hypocrite than the same person forever.‚Äù -Adam 'Ad-Rock' Horovitz #BlackLivesMatter https://t.co/KLJkiOu‚Ä¶,14180,0,Twitter Web App,6/8/20 19:18,"Oregon, USA"
1270072646550650000,RT @PopCrave: Donald Trump‚Äôs star on the Hollywood Walk of Fame was blacked out amid #BlackLivesMatter protests. ‚≠êÔ∏è üö´ https://t.co/io6FcaKM‚Ä¶,1262,0,Twitter for iPhone,6/8/20 19:18,"New York, NY"
1270072646194030000,"RT @desusnice: it's monday. arrest the cops who killed Breonna Taylor.

#JusticeforBreonnaTaylor #BlackLivesMatter https://t.co/AauxMk9pY4",32809,0,Twitter for iPhone,6/8/20 19:18,"Atlanta, GA"
1270072645296540000,"RT @NadiaWhittomeMP: I celebrate these acts of resistance.

We need a movement that will tear down systemic racism and the slave owner stat‚Ä¶",1780,0,Twitter Web App,6/8/20 19:18,England
1270072644788860000,"RT @RaquelWillis_: As we fight to #DefundThePolice, let‚Äôs model how those funds should be used on the other side. @GlitsInc is supporting B‚Ä¶",204,0,Twitter Web App,6/8/20 19:18,los angeles
1270072644130520000,"Thanks @KyleBarlow4 I stand with the black community. I stand up and fight against racism, hate, and ignorance. Cha‚Ä¶ https://t.co/Xtb2GEcl6p",0,0,Twitter for iPhone,6/8/20 19:18,"Toledo, OH"
1270072644122150000,RT @StevieBrexit: So #BlackLivesMatter huh? https://t.co/TraxbmUmHB,3,0,Twitter Web App,6/8/20 19:18,"Dartford, Kent"
1270072644071710000,RT @portadosfundos: Essa √© pra quem √© preconceituoso e acha que homem branco n√£o pode fazer nota de rep√∫dio. #vidasnegrasimportam #blackliv‚Ä¶,8327,0,Twitter for iPhone,6/8/20 19:18,Bel city
1270072643472050000,RT @sbalcerac: ≈öciema #BlackLivesMatter. W Chicago zarzƒÖdzanym postƒôpowo przez by≈Çego doradcƒô Obamy w ciƒÖgu 24 godzin zastrzelono 18 os√≥b i‚Ä¶,16,0,Twitter Web App,6/8/20 19:18,Polska
1270072643232730000,"RT @JoshuaPotash: Okay this is LA‚Äôs #BlackLivesMatter protest today.

 https://t.co/QnAOUHL8Np",73694,0,Twitter for Android,6/8/20 19:18,"Long Beach, CA"
1270072643098670000,#BlackLivesMatter #BlackLivesMattters #BreonnaTaylor #BlackintheIvory #BlackLivesMatterUK https://t.co/v9wtrldNdd,0,0,Twitter for Android,6/8/20 19:18,"Coleraine, Northern Ireland"
1270072642670910000,"RT @SchomburgCenter: Let America be the dream the dreamers dreamed/Let it be that great strong land of love ~ Langston Hughes, ‚ÄúLet America‚Ä¶",2,0,Twitter Web App,6/8/20 19:18,"New York, NY"
1270072642201090000,I am falling back on a belief right now that I have held for a looong time. That the only way to achieve happiness‚Ä¶ https://t.co/Zlransr7fU,0,0,Twitter for iPhone,6/8/20 19:18,"New Hampshire, USA"
1270072641735370000,RT @percy_89: @armoneejacksonn #BlackLivesMatter https://t.co/WEnaO7Z16p,27,0,Twitter for iPhone,6/8/20 19:18,"Phoenix, AZ"
1270072641638900000,"RT @Dazed: The BTS Army vowed to #MatchAMillion, raising money for organisations fighting for racial equality.

#BlackLivesMatter @BTS_twt‚Ä¶",2548,0,Twitter for Android,6/8/20 19:18,Myanmar
1270072641513300000,"RT @BernardKerik: Chicago‚Äôs most violent day in 60 years: 18 murders in 24 hours - this is what Democrats, #ANTIFA, and #BlackLivesMatter d‚Ä¶",3074,0,Twitter Web App,6/8/20 19:18,"Lawrenceville, GA"
1270072640955280000,"RT @ithl123: Every. Single. Word. The perfect analogy. 

Monopoly.

#BlackLivesMatter 

Credit:
kimberlylatricejones (IG)
djonesmedia (IG)‚Ä¶",1003,0,Twitter for iPhone,6/8/20 19:18,"Los Angeles, CA"
1270072639852330000,"RT @SikhProf: Look at Berlin SHOWING UP for racial justice.

The movement is truly global.  #BlackLivesMatter https://t.co/68mKGtXkJX",5503,0,Twitter for iPhone,6/8/20 19:18,"Manhattan, NY"
1270072639835350000,"RT @amyjko: Police should be experts in de-escalation, which sometimes means doing nothing, saying nothing. Keep protesting. #BlackLivesMat‚Ä¶",2,0,Talon Android,6/8/20 19:18,"Tualatin, OR"
1270072639374090000,RT @BreezeCrypto: NYPD officer tells me he has orders from above to remove his name tag badge number precinct pins and body camera downtown‚Ä¶,2898,0,Twitter Web App,6/8/20 19:18,Indiana
1270072638770230000,"RT @Adhwan: If #BlackLivesMatter why didn't @BarackObama  say anything when the latest Emir of #Qatar described him as a ""slave"" in a leake‚Ä¶",447,0,Twitter for iPhone,6/8/20 19:18,Riyadh @ Dubai
1270072638568870000,"Please don‚Äôt. 
#BlackLivesMatter https://t.co/b7NhDprcI6",0,0,Twitter for iPhone,6/8/20 19:18,"Ohio, USA"
1270072638078170000,"√Ä #LosAngeles, des milliers de manifestants se sont rassembl√©s pour rendre hommage  √† #GeorgeFloyd. (@louie_tran)‚Ä¶ https://t.co/ugfJmbZ992",0,0,Twitter for Android,6/8/20 19:18,"Brazzaville, Congo"
1270072637998300000,"#US gross domestic product fell at a 4.8% annualized rate in the first three months of the year.
#EconomyRecession‚Ä¶ https://t.co/mbgkPBRTya",0,0,Twitter for Android,6/8/20 19:18,"Minden, Deutschland"
1270072637730030000,RT @GW_Volleyball: Our Message of Collaboration and Support. #blacklivesmatter #raisehigh https://t.co/WnGPmsSL6U,2,0,Twitter for iPhone,6/8/20 19:18,"Fairfax, VA"
1270072636870020000,RT @RoryLinnane: Antines Davis taught a group of Milwaukee protesters how to sign ‚Äú#blacklivesmatter‚Äù in #ASL https://t.co/7dewt5zmj1,2921,0,Twitter for iPhone,6/8/20 19:18,"Albuquerque, NM"
1270072636433770000,"RT @desusnice: it's monday. arrest the cops who killed Breonna Taylor.

#JusticeforBreonnaTaylor #BlackLivesMatter https://t.co/AauxMk9pY4",32809,0,Twitter for iPhone,6/8/20 19:18,"Sarawak, Malaysia"
1270072636198970000,"SWEAR, y‚Äôall are just ignorant and to much.This is the exact reason why we can‚Äôt come together as one. Y‚Äôall BE DOI‚Ä¶ https://t.co/l19oHpvVTR",0,0,Twitter for iPhone,6/8/20 19:18,"Los Angeles, CA"
1270072634458410000,RT @PopCrave: Donald Trump‚Äôs star on the Hollywood Walk of Fame was blacked out amid #BlackLivesMatter protests. ‚≠êÔ∏è üö´ https://t.co/io6FcaKM‚Ä¶,1263,0,Twitter for iPhone,6/8/20 19:18,London/ Leeds
1270072634089320000,"RT @Alex_zedra: Freedom of speech, freedom of press, and right to bear arms have been viokated. Stand together. We got this.

Protect yours‚Ä¶",291,0,Twitter for Android,6/8/20 19:18,"Nebraska, USA"
1270072633556590000,RT @SkySportsNews: Raheem Sterling has given his backing to the #BlackLivesMatter protests gripping the world in the wake of George Floyd's‚Ä¶,1136,0,Twitter for iPhone,6/8/20 19:18,"Osun, Nigeria"
1270072632810050000,"RT @desusnice: it's monday. arrest the cops who killed Breonna Taylor.

#JusticeforBreonnaTaylor #BlackLivesMatter https://t.co/AauxMk9pY4",32809,0,Twitter for iPhone,6/8/20 19:18,Louisville
1270072632612990000,RT @holyfaulkner: here‚Äôs a thread of petitions i KNOW you haven‚Äôt signed yet #BlackLivesMatter https://t.co/EzNOzTj7In,31505,0,Twitter for iPhone,6/8/20 19:18,san antonio
1270072631686020000,RT @xQc: IT'S A SHAME IT EVEN HAS TO BE STATED BUT OF COURSE #BlackLivesMatter WE FUCKING LOVE YOU. KEEP FIGHTING THE GOOD FIGHT SO EVERYON‚Ä¶,1817,0,Twitter for iPhone,6/8/20 19:18,"Chicago, IL"
1270072631526550000,RT @portadosfundos: Essa √© pra quem √© preconceituoso e acha que homem branco n√£o pode fazer nota de rep√∫dio. #vidasnegrasimportam #blackliv‚Ä¶,8328,0,Twitter for Android,6/8/20 19:18,Brasil
1270072631501470000,"RT @WuTangClan: Peace. Be safe out there.
#wutang #Abettertomorrow #blacklivesmatter https://t.co/c0j0JXjbrL",299,0,Twitter for iPhone,6/8/20 19:18,"Towson, MD"
1270072630918480000,RT @suzydymna: @realDonaldTrump Mitt Romney has been senior member of the Mormon Church for decades. Mormons did not allow black participat‚Ä¶,5,0,Twitter Web App,6/8/20 19:18,USA-AMERICA
1270072630285130000,RT @FloEshalomi: Sat in the chamber listening to the Home Secretary response on the recent protests. So far she has only promised justice f‚Ä¶,294,0,Twitter for iPhone,6/8/20 19:18,"London, England"
1270072629756670000,RT @portadosfundos: Essa √© pra quem √© preconceituoso e acha que homem branco n√£o pode fazer nota de rep√∫dio. #vidasnegrasimportam #blackliv‚Ä¶,8328,0,Twitter for Android,6/8/20 19:18,BRASIL
1270072628959760000,RT @jeremycorbyn: Full support to those Labour MPs facing a torrent of abuse for standing up to racism and pointing out the barbaric histor‚Ä¶,2824,0,Twitter for iPhone,6/8/20 19:18,Liverpool
1270072626661250000,"RT @amabanckou: Brisant les fronti√®res et les pr√©jug√©s, il nous faudra d√©sormais repenser notre humanisme et repousser les sout√®nements de‚Ä¶",10,0,Twitter for Android,6/8/20 19:18,"Orne, Basse-Normandie"
1270072625402870000,"RT @Princedenuages: I know my following's not very big, but if you see this could you please reblog
The US Police are using sonic weapons t‚Ä¶",14603,0,Twitter for Android,6/8/20 19:18,"Hamilton, Ontario"
1270072625310680000,"RT @MrCrim3: #NoJobForMayorBob ‚ùå

#BlackLivesMatter https://t.co/X2MCdEPD6h",10,0,Twitter for iPhone,6/8/20 19:18,Chicago
1270072624622820000,"RT @mr1LOVETO: If you‚Äôre tired of this anti-black racism and Black Lives Matter talk, get some rest we aren‚Äôt done. #BlackLivesMatter https‚Ä¶",5,0,Twitter for Android,6/8/20 19:18,Toronto
1270072624442460000,"RT @GuidoFawkes: Piers Morgan Has Not Always Been An Ally of #BlackLivesMatter 
https://t.co/D0pmYBW8I0 https://t.co/LON8e3TUsD",37,0,Twitter for Android,6/8/20 19:18,UK 
1270072623997810000,"RT @citizencaro: @WhiteHouse @PressSec #VoteOutHate

#PoliceBrutalityPandemic
#UnitedAgainstRacism
#BlackLivesMatter

https://t.co/vV1LEcsH‚Ä¶",10,0,Twitter for Android,6/8/20 19:18,"Neptune Beach, Florida"
1270072623016310000,RT @tomperriello: Sisters and Franciscans for Justice in full effect! #BlackLivesMatter https://t.co/AcH2swEH8Z,22,0,Twitter for iPhone,6/8/20 19:18,DC metropolitan area
1270072621997130000,RT @holyfaulkner: here‚Äôs a thread of petitions i KNOW you haven‚Äôt signed yet #BlackLivesMatter https://t.co/EzNOzTj7In,31505,0,Twitter for iPhone,6/8/20 19:18,"Union, NJ"
1270072621539950000,"RT @Patrici15767099: Chicago‚Äôs most violent day in 60 years: 18 murders in 24 hours - this is what Democrats, #ANTIFA, and #BlackLivesMatte‚Ä¶",132,0,Twitter for Android,6/8/20 19:18,United States
1270072620625430000,"RT @DrRobDavidson: IMPORTANT: In coming weeks, as #COVID19 numbers stay high (or rise) in many states, @realdonaldtrump may try to blame it‚Ä¶",39013,0,Twitter for iPhone,6/8/20 19:18,"Bay Area, CA"
1270072619727970000,"@Yamiche @KamalaHarris Senator @RandPaul is pro-lynching.
#BlackLivesMatter",0,0,Twitter for Android,6/8/20 19:18,"Virginia, USA"
1270072617442120000,RT @vatinagray: I know #blacklivesmatter but as a woman with no living grandparents this is REALLY starting to piss me the fuck off! ü§¨ü§¨ü§¨ü§¨ R‚Ä¶,3,0,Twitter Web App,6/8/20 19:18,USA
1270072616058060000,RT @YourAnonCentral: Palestinians with disabilities protest in support of #IyadalHallak a disabled man brutally murdered by US-funded Israe‚Ä¶,1191,0,Twitter for iPhone,6/8/20 19:18,"Chatham, Chicago"
1270072615491660000,"RT @chrisbrogan: If you think that NOT talking about #blacklivesmatter is a business decision for your continued success, that says a lot a‚Ä¶",6,0,Twitter for iPhone,6/8/20 19:18,"Gilroy, CA"
1270072614141270000,Enough saidddd #BlackLivesMatter https://t.co/E4zTBNctWf,0,0,Twitter for iPhone,6/8/20 19:18,Jersey
1270072614011230000,"RT @desusnice: it's monday. arrest the cops who killed Breonna Taylor.

#JusticeforBreonnaTaylor #BlackLivesMatter https://t.co/AauxMk9pY4",32811,0,Twitter for Android,6/8/20 19:18,Trinidad and Tobago
1270072613470170000,RT @lucastill: Proud to see it LA. #blacklivesmatter https://t.co/4bFtqMSwBw,4,0,Twitter for iPhone,6/8/20 19:18,"Los Angeles, CA"
1270072612404760000,"Opal Tometi, one of the three founders of #BlackLivesMatter , during one of her several meetings with the Venezuela‚Ä¶ https://t.co/0OHDRQBtQR",0,0,Twitter for iPhone,6/8/20 19:18,"Caracas, Venezuela"
1270072612211700000,"RT @JoshuaPotash: Okay this is LA‚Äôs #BlackLivesMatter protest today.

 https://t.co/QnAOUHL8Np",73698,0,Twitter for iPhone,6/8/20 19:18,"Las Vegas, NV"
1270072611549170000,RT @jeremycorbyn: Full support to those Labour MPs facing a torrent of abuse for standing up to racism and pointing out the barbaric histor‚Ä¶,2824,0,Twitter for iPad,6/8/20 19:18,East Midlands
1270072611326830000,can we please keep #blacklivesmatter alive?,0,0,Twitter for iPhone,6/8/20 19:18,Germany
1270072611196690000,"RT @sahouraxo: Holy Moly.

This is the #BlackLivesMatter protest in Los Angeles. https://t.co/3sQntxqxPX",815,0,Twitter for Android,6/8/20 19:18,"South Holland, The Netherlands"
1270072611083620000,"M√∫sica para una #DesescaladaResponsable: Tom Waits / Tom Traubert's Blues #BlackLivesMatter

https://t.co/DpLdclvzTb",0,0,Twitter Web App,6/8/20 19:18,Spain
1270072610152490000,RT @Knowlesitall: K-Pop Action: @BTS_twt and #BTSArmy Raise $2M for #BlackLivesMatter https://t.co/SvHe3kEHRe,7202,0,Twitter for Android,6/8/20 19:18,"Seoul, Republic of Korea"
1270072609883980000,"‚öúÔ∏è ¬øPorque el movimiento #BlackLivesMatter es tan viral? Por estos momentos de injusticia 

#PLOMO19 

@mijamart88‚Ä¶ https://t.co/VTC2EIytRX",1,1,Twitter for iPhone,6/8/20 19:18,Nicaragua
1270072609862840000,Companies aren't just talking the talk‚Äîthey're walking the walk by pulling #Facebook daily ad spend in support of‚Ä¶ https://t.co/bMcFqVX9st,0,0,Dynamic Signal,6/8/20 19:18,"Rochester, IN"
1270072609770740000,"Besides police brutality, we need to hold the rest of the judicial system accountable as well. There are many racis‚Ä¶ https://t.co/Ls3pIP38S8",0,0,Buffer,6/8/20 19:18,United States
1270072609028420000,"RT @PopCrave: Within just 24 hours, @BTS_twt fans came together online and raised $1 MILLION for #BlackLivesMatter after the K-pop group do‚Ä¶",1965,0,Twitter for iPhone,6/8/20 19:18,Italia
1270072608877430000,"RT @ThePark1010: ""We don‚Äôt want any more hashtags &amp; we don‚Äôt want to be a hashtag. We don‚Äôt want people to have to be in the streets mourni‚Ä¶",1,0,Twitter for Android,6/8/20 19:18,"Bronx, NY"
1270072608831270000,"RT @xxtramom: The fight isn‚Äôt over or dying off. 
over 10k protestors showed up to march in LA yesterday! That‚Äôs AMAZING. 
this is a revolu‚Ä¶",2,0,Twitter for iPhone,6/8/20 19:18,"McMinnville, TN"
1270072608713810000,RT @xQc: IT'S A SHAME IT EVEN HAS TO BE STATED BUT OF COURSE #BlackLivesMatter WE FUCKING LOVE YOU. KEEP FIGHTING THE GOOD FIGHT SO EVERYON‚Ä¶,1817,0,Twitter Web App,6/8/20 19:18,"Karachi, Pakistan"
1270072607962990000,"RT @club69paisley: In solidarity with the #BlackLivesMatter movement, we're doing our bit to raise awareness and funds to help those, who e‚Ä¶",2,0,Twitter for iPhone,6/8/20 19:18,Glasgow
1270072607774100000,"RT @jennerific713: @realDonaldTrump #BREAKING Trump‚Äôs Star on the Hollywood Walk Of Fame has been redecorated! (The green bag has üê∂üí©.)

It‚Äô‚Ä¶",2,0,Twitter for Android,6/8/20 19:18,"California, USA"
1270072607052820000,"RT @stjohnsegham: Our Vicar at her dear friend's @revdbev Consecration, privileged to have spent time with @JohnSentamu and his beautiful w‚Ä¶",2,0,Twitter for iPhone,6/8/20 19:18,Liverpool
1270072606968950000,"RT @freenaynow: Remember a time when #BlackLivesMatter 

They mattered to Frederick Douglass.

Abolitionist

Legend

and, yes you guessed i‚Ä¶",59,0,Twitter Web App,6/8/20 19:18,MU
1270072606276880000,"RT @loswhit: To all the Christians saying that they can't say #BlackLivesMatter because although they may believe the saying, they can't su‚Ä¶",68,0,Twitter Web App,6/8/20 19:18,USA
1270072605828100000,RT @MehcadBrooks: Please take my original tweet about the death threats as what they were. A look into how wide spread white supremacy is.‚Ä¶,8,0,Twitter for iPhone,6/8/20 19:18,UK
1270072605211590000,RT @elizlipp: It says something when Mitt Romney makes it to a #BlackLivesMatter protest before Bernie Sanders. üëÄ,616,0,Twitter for iPhone,6/8/20 19:18,"Bad Ems, Deutschland"
1270072604599160000,"RT @sydxneey: While we‚Äôre at it, it‚Äôs time to DECLARE THE KKK AS A TERRORIST GROUP!! sign this petition below &amp; share üó£ https://t.co/8rjvi2‚Ä¶",11,0,Twitter for iPhone,6/8/20 19:18,"Austin, TX"
1270072604225910000,RT @FloEshalomi: Today I asked the Home Secretary if she understands the legitimate and understandable anger felt by some many who have tak‚Ä¶,86,0,Twitter Web App,6/8/20 19:18,Reading
1270072603491930000,RT @portadosfundos: Essa √© pra quem √© preconceituoso e acha que homem branco n√£o pode fazer nota de rep√∫dio. #vidasnegrasimportam #blackliv‚Ä¶,8328,0,Twitter for iPhone,6/8/20 19:18,Brasil
1270072603231820000,RT @lucastill: Proud to see it LA. #blacklivesmatter https://t.co/4bFtqMSwBw,4,0,Twitter for Android,6/8/20 19:18,argentina 
1270072602539720000,"RT @elijahdaniel: Monks have now joined the #BlackLivesMatter protests in Berlin. Imagine being so shitty that you piss off witches, amish‚Ä¶",30607,0,Twitter Web App,6/8/20 19:17,"Arlington, VA"
1270072600333610000,RT @NCTV17: A group of about 200 protesters for #BlackLivesMatter are currently on the move toward the Naperville Police Department on Auro‚Ä¶,3,0,Twitter Web App,6/8/20 19:17,"Naperville, IL, USA"
1270072600270700000,RT @thisisamsi: In regards to my tweet to Nick &amp; Priyanka. We need to do better. ‚ù§Ô∏è#BlackLivesMatter https://t.co/XXVKHw6p1L,28,0,Twitter Web App,6/8/20 19:17,"Dubai, international city"
1270072600077540000,"RT @scsstrang: Some photos from yesterday‚Äôs #GeorgeFloyd Peace Vigil in downtown Reno. Sunday, June 6. #BlackLivesMatter https://t.co/l5QCJ‚Ä¶",6,0,Twitter for iPhone,6/8/20 19:17,"Reno, NV"
1270072600031620000,"RT @quarantineandie: White girls with #BlackLivesMatter in your bio, this is your future.üëáüèª https://t.co/vwajC9r6Sz",456,0,Twitter for iPhone,6/8/20 19:17,"New York, USA"
1270072598785900000,"RT @flywithkamala: Meghan McCain asks Kamala Harris whether she is ‚Äúdefunding the police,‚Äù then proceeds to get schooled by her and Sunny H‚Ä¶",1082,0,Twitter for Android,6/8/20 19:17,"Washington, D.C."
1270072598680880000,"RT @joelpollak: The funniest part about #BlackLivesMatter is that no one was on the other side of their argument, so they had to look aroun‚Ä¶",151,0,Twitter for iPhone,6/8/20 19:17,United States
1270072598215310000,RT @BasedPoland: Swedish family who had packed moving truck with all their belongings encounter the #BlackLivesMatter mob that has been rio‚Ä¶,8491,0,Twitter for Android,6/8/20 19:17,United States
1270072597317910000,"RT @GoonyaFighterEN: One of our biggest fans, @Snoley813, is a gamer, a musician, a developer and a black American. 

Please listen to what‚Ä¶",5,0,Twitter Web App,6/8/20 19:17,"St Louis, MO"
1270072594725830000,@dianelyssa @yashar This was my most liked tweet ever.  No SoundCloud but I did discover @BooksNCrannies_ will mail‚Ä¶ https://t.co/cYBkVPyia2,0,0,Twitter for iPad,6/8/20 19:17,Sunnydale
1270072594323160000,RT @suzydymna: @realDonaldTrump Mitt Romney has been senior member of the Mormon Church for decades. Mormons did not allow black participat‚Ä¶,5,0,Twitter for iPhone,6/8/20 19:17,"Wisconsin, USA"
1270072594058950000,"RT @YorkshireTea: @thisislaurat Please don't buy our tea again. 

We're taking some time to educate ourselves and plan proper action before‚Ä¶",96,0,Twitter for iPad,6/8/20 19:17,"London, UK"
1270072593681390000,RT @InspireMagazin5: Our lead story this issue is a compelling and important read by @asanteV. Check it out here: https://t.co/wCk6prl8wX a‚Ä¶,1,0,Twitter for iPhone,6/8/20 19:17,Toronto
1270072593626900000,"RT @ChiBondFund: The @ChiFreeSchool offered food, water and rest to weary #BlackLivesMatter protesters trapped downtown ‚Äî and the city cite‚Ä¶",62,0,Twitter Web App,6/8/20 19:17,"Chicago, IL"
1270072592976750000,"RT @notmayaelle: Pittsburgh, PA ‚ù§Ô∏è #BlackLivesMatter https://t.co/xvA04y9Nxh",1814,0,Twitter for iPhone,6/8/20 19:17,"Pittsburgh, PA"
1270072591391150000,"RT @zeusFanHouse: #Speaker So Woke: #Pelosi, #Democrats Kneel at Capitol

Ready #Police Overhaul Plan after 2 months away #StayHomeSaveLive‚Ä¶",133,0,Twitter for iPhone,6/8/20 19:17,"California, USA"
1270072590875470000,RT @ABC7Shack: From some to just about everyone. The march on the Golden Gate Bridge has stopped all traffic. This is a captivating shot fr‚Ä¶,21195,0,Twitter for iPhone,6/8/20 19:17,"Houston, TX"
1270072590858680000,"RT @SeanFewster: ""Geek culture isn't suddenly left wing. You just grew up to be intolerant."" Thank you, Mr Boyle - perfectly said. #geeklif‚Ä¶",60,0,Twitter for iPhone,6/8/20 19:17,"Ontario, Canada"
1270072590149640000,"RT @RalphGMWorks: #ICantBreathe: Here is the leader of the Operation #BlackLivesMatter, a self-proclaimed #HumanRights activist, Opal Tomet‚Ä¶",202,0,Twitter Web App,6/8/20 19:17,Arizona
1270072588811760000,"RT @Princedenuages: I know my following's not very big, but if you see this could you please reblog
The US Police are using sonic weapons t‚Ä¶",14604,0,Twitter for iPhone,6/8/20 19:17,Shaolin Island 
1270072588606340000,"#blacklivesmatter @ New Orleans, Louisiana https://t.co/gRPntEH7tn",0,0,Instagram,6/8/20 19:17,"New Orleans, LA"
1270072587742320000,RT @shantell_martin: Apparently the folks at @microsoft and McCann Erickson feel that that the #blacklivesmatter Movement and protests will‚Ä¶,269,0,Twitter Web App,6/8/20 19:17,London
1270072587079610000,"RT @BolsonaroSP: Monumento dedicado a her√≥is da guerra civil americana, a guerra que iniciou o desmantelamento da escravid√£o nos EUA, foi d‚Ä¶",775,0,Twitter for Android,6/8/20 19:17,"Campos dos Goytacazes, Brasil"
1270072586467250000,"RT @PTPGOfficial: A quick reminder that everyone is welcome here in our Patent Pending/Second Family community. 
You are seen and you are l‚Ä¶",29,0,Twitter Web App,6/8/20 19:17,England
1270072585917730000,"RT @athenaforall: Today @amazon's selling a White Lives Matter mug. 

As @ACREcampaigns @P4WF have been reporting for years, Amazon continu‚Ä¶",5,0,Twitter Web App,6/8/20 19:17,"Washington, D.C. "
1270072585456250000,"RT @jothamkuku_: -37.8151741 , 144.9743578 | #BlackLivesMatter https://t.co/cEDKdJnLYA",8,0,Twitter for iPhone,6/8/20 19:17,"Eastwood, Bairnsdale"
1270072584898470000,"RT @KimFoxWOSU: Mark you cal for this Thursday and bring actionable items to the table: 
""Race, Academia and the Struggles of Black Journal‚Ä¶",3,0,Twitter Web App,6/8/20 19:17,Glasgow
1270072582524600000,"RT @2fatcathat: üéØüëçBingo!
#BlackLivesMatter https://t.co/1XNimB3Fql",1,0,Twitter Web App,6/8/20 19:17,"Hamlet, NC"
1270072582482650000,RT @portadosfundos: Essa √© pra quem √© preconceituoso e acha que homem branco n√£o pode fazer nota de rep√∫dio. #vidasnegrasimportam #blackliv‚Ä¶,8329,0,Twitter for Android,6/8/20 19:17,Brazil - Spain - France 
1270072582134530000,RT @LewisHamilton: ... and don't you forget it. üôèüèæüôåüèæ #BlackLivesMatter #EndRacism https://t.co/nBAp0nwo6g,2270,0,Twitter Web App,6/8/20 19:17,"Brooklyn, NY"
1270072581740260000,"RT @DrRobDavidson: IMPORTANT: In coming weeks, as #COVID19 numbers stay high (or rise) in many states, @realdonaldtrump may try to blame it‚Ä¶",39013,0,Twitter for iPhone,6/8/20 19:17,"Bronx, NY"
1270072581664750000,RT @CJNwonka: 'The ability of film and culture to be a tool of anti-racism will be determined by the willingness of the mainstream to value‚Ä¶,13,0,Twitter for iPhone,6/8/20 19:17,London
1270072581392140000,RT @mrskingjmp: Did #GorgeFloyd Attend His Own Funereal....#FalseFlag #Coup #BlackLivesMatter #DomesticTerrorism #Antifa https://t.co/gCIp4‚Ä¶,63,0,Twitter for iPad,6/8/20 19:17,Munich 
1270072581354380000,"RT @Jack_Septic_Eye: I will be doing a charity stream for #BlackLivesMatter on Tuesday! 

We‚Äôve been taking time to get a bunch of organisa‚Ä¶",4182,0,Twitter Web App,6/8/20 19:17,"Niedersachsen, Germany"
1270072581253660000,RT @KatyMontgomerie: Today on Mumsnet: Is #BlackLivesMatter all just a big conspiracy theory to get trans rights accepted? https://t.co/FuP‚Ä¶,600,0,Twitter for Android,6/8/20 19:17,"London, European Union"
1270072581043950000,"RT @KTHopkins: Three questions for the #blacklivesmatter thugs 

And STILL no answers 

#BlockKatieHopkins https://t.co/rDNHsWGAKN",253,0,Twitter Web App,6/8/20 19:17,United States
1270072580456810000,RT @CosPlayNay: I‚Äôm not sure who took this pic of me. But Thank you. This is truly a historical movement and I üôèüèæ we see change for the bet‚Ä¶,2402,0,Twitter Web App,6/8/20 19:17,"Milwaukee, WI"
1270072579672270000,"RT @JoshuaPotash: Okay this is LA‚Äôs #BlackLivesMatter protest today.

 https://t.co/QnAOUHL8Np",73704,0,Twitter for iPhone,6/8/20 19:17,"Denver, CO"
1270072577650760000,"RT @Evans_NHS: Today I cried at work - touched by #BlackLivesMatter event @CWPT_NHS. 

Individually &amp; collectively you‚Äôve educated &amp; inspir‚Ä¶",0,0,Twitter for iPhone,6/8/20 19:17,"England, United Kingdom"
1270072577571120000,"RT @Kat_Schipkowski: 39 Menschen, davon viele minderj√§hrig (der j√ºngste 13J), wurden nach der #BlackLivesMatter-Demo in Hamburg stundenlang‚Ä¶",53,0,Twitter Web App,6/8/20 19:17,"Leipzig, Sachsen"
1270072577462090000,"RT @desusnice: it's monday. arrest the cops who killed Breonna Taylor.

#JusticeforBreonnaTaylor #BlackLivesMatter https://t.co/AauxMk9pY4",32814,0,Twitter for iPhone,6/8/20 19:17,Canada
1270072576346390000,RT @jeremycorbyn: Full support to those Labour MPs facing a torrent of abuse for standing up to racism and pointing out the barbaric histor‚Ä¶,2825,0,Twitter for iPhone,6/8/20 19:17,"England, United Kingdom"
1270072575972920000,"RT @JoshuaPotash: Okay this is LA‚Äôs #BlackLivesMatter protest today.

 https://t.co/QnAOUHL8Np",73704,0,Twitter for iPhone,6/8/20 19:17,"Los Angeles, CA"
1270072574861610000,RT @holyfaulkner: here‚Äôs a thread of petitions i KNOW you haven‚Äôt signed yet #BlackLivesMatter https://t.co/EzNOzTj7In,31510,0,Twitter for iPhone,6/8/20 19:17,"Delaware, USA"
1270072574102450000,RT @YourAnonCentral: Palestinians with disabilities protest in support of #IyadalHallak a disabled man brutally murdered by US-funded Israe‚Ä¶,1191,0,Twitter for Android,6/8/20 19:17,"Lagos, Nigeria"
1270072573934440000,RT @RoryLinnane: Antines Davis taught a group of Milwaukee protesters how to sign ‚Äú#blacklivesmatter‚Äù in #ASL https://t.co/7dewt5zmj1,2922,0,Twitter for Android,6/8/20 19:17,"California, USA"
1270072573578130000,RT @RoryLinnane: Antines Davis taught a group of Milwaukee protesters how to sign ‚Äú#blacklivesmatter‚Äù in #ASL https://t.co/7dewt5zmj1,2922,0,Twitter for iPhone,6/8/20 19:17,"New Orleans, LA"
1270072571929580000,RT @holyfaulkner: here‚Äôs a thread of petitions i KNOW you haven‚Äôt signed yet #BlackLivesMatter https://t.co/EzNOzTj7In,31510,0,Twitter for iPhone,6/8/20 19:17,"Lompoc, CA"
1270072570855870000,RT @ManOverboardNJ: 100% of proceeds will be donated to @Blklivesmatter #blacklivesmatter #DefundThePolice https://t.co/NSh805DQRR https://‚Ä¶,75,0,Twitter for iPhone,6/8/20 19:17,"Toronto, Ontario"
1270072570688280000,RT @ItsMeWootang: #BlackLivesMatter https://t.co/jIFYAceq64,1065,0,Twitter for iPhone,6/8/20 19:17,"Montgomery, AL"
1270072570004540000,RT @luvwinsresist: We. Are. Tired. Here us!!! #BlackLivesMatter #TheView https://t.co/bwLxrzAK3K,127,0,Twitter for iPhone,6/8/20 19:17,Maryland
1270072568146300000,RT @lightsupoctober: here is a thread of petitions you can sign. pls remember that anything helps!! #BlackLivesMatter,29,0,Twitter for iPhone,6/8/20 19:17,"Norwalk, CA"
1270072568024790000,"RT @EllaMFaure: Inspired by @Tre , I decided to write a letter to my school. I like so many others have experienced racism my whole life bu‚Ä¶",25,0,Twitter for iPhone,6/8/20 19:17,england
1270072567844540000,RT @zarahsultana: Black people shouldn't have to walk in the shadows of statues that glorify people who enslaved and murdered their ancesto‚Ä¶,405,0,Twitter for iPhone,6/8/20 19:17,East London
1270072567446080000,"RT @jeremycorbyn: The legacy of slavery and colonialism is very much with us today in the structure of our society and the world.

Solidari‚Ä¶",3111,0,Twitter Web App,6/8/20 19:17,"Penzance, Cornwall"
1270072566171000000,RT @KejanHaynes: Protesters take a knee and observe silence outside the US Embassy in Port of Spain in solidarity with the #BlackLivesMatte‚Ä¶,16,0,Twitter for iPhone,6/8/20 19:17,Trinidad and Tobago
1270072565474770000,"RT @Patrici15767099: Chicago‚Äôs most violent day in 60 years: 18 murders in 24 hours - this is what Democrats, #ANTIFA, and #BlackLivesMatte‚Ä¶",133,0,Twitter for iPhone,6/8/20 19:17,"Plano, TX"
1270072565470500000,RT @SMGebru: Shout out to rich white liberals who shout #BlackLivesMatter and stand in opposition to affordable housing creation and bold z‚Ä¶,9,0,Twitter Web App,6/8/20 19:17,"Cambridge, MA"
1270072565369840000,@SenToomey  It now looks like whole barrels of rotten apples. Please act on police brutality. #blacklivesmatter #BreonnaTaylor #Pennsylvania,0,0,Twitter Web App,6/8/20 19:17,United States
1270072565277450000,RT @AuthorKimberley: .@glennkirschner2 is back on the #StartMeUp #podcast. Topics: the peaceful #BlackLivesMatter protests; how we should i‚Ä¶,7,0,Twitter Web App,6/8/20 19:17,Texas
1270072565025740000,"RT @RaquelWillis_: As we fight to #DefundThePolice, let‚Äôs model how those funds should be used on the other side. @GlitsInc is supporting B‚Ä¶",204,0,Twitter Web App,6/8/20 19:17,"Silver Lake, Los Angeles"
1270072564858180000,"RT @Lefty_Mind: Hey #Toronto twitter. This poor man was brutally detained by the police, and charged with assault of a police officer &amp; res‚Ä¶",1669,0,Twitter for Android,6/8/20 19:17,Knockturn Alley
1270072564438760000,RT @LewisHamilton: ... and don't you forget it. üôèüèæüôåüèæ #BlackLivesMatter #EndRacism https://t.co/nBAp0nwo6g,2270,0,Twitter for Android,6/8/20 19:17,"Aspen, CO"
1270072563956350000,RT @SkySportsNews: Raheem Sterling has given his backing to the #BlackLivesMatter protests gripping the world in the wake of George Floyd's‚Ä¶,1136,0,Twitter for iPhone,6/8/20 19:17,"Kampala, Uganda"
1270072563797040000,RT @lillianyohx: this melted my heart ‚ù§Ô∏è #Blacklivesmatter https://t.co/APR1hzijT8,2135,0,Twitter for iPhone,6/8/20 19:17,"Nashville, TN"
1270072563591530000,RT @Goorkan10: ŸÖÿπÿ∞ÿ±ÿ™ ÿÆŸàÿßŸá€å ŸæŸÑ€åÿ≥ ÿ¢ŸÖÿ±€å⁄©ÿß ÿßÿ≤ ÿ≥€åÿßŸáŸæŸàÿ≥ÿ™ÿßŸÜ ÿ®Ÿá ÿÆÿßÿ∑ÿ± ÿÆÿ¥ŸàŸÜÿ™Ÿáÿß€å ÿßŸÜÿ¨ÿßŸÖ ÿ¥ÿØŸá ÿ™Ÿàÿ≥ÿ∑ ŸæŸÑ€åÿ≥ ÿ¢ŸÖÿ±€å⁄©ÿßÿå ÿ®ÿß ÿ±Ÿàÿ¥ ÿπÿ¨€åÿ® ÿ∫ÿ±€åÿ® ÿ™ÿ®ÿØ€åŸÑ ÿ¥ÿØŸÜ ÿ®Ÿá ÿ®ÿ±ÿØŸá!ü§∑‚Äç‚ôÇÔ∏è‚Ä¶,23,0,Twitter for Android,6/8/20 19:17,Islamic Republic of Iran
1270072563314690000,RT @xQc: IT'S A SHAME IT EVEN HAS TO BE STATED BUT OF COURSE #BlackLivesMatter WE FUCKING LOVE YOU. KEEP FIGHTING THE GOOD FIGHT SO EVERYON‚Ä¶,1817,0,Twitter for iPhone,6/8/20 19:17,Ethan
1270072563193040000,"RT @BriansNewHeart: This! This right here

#BlackLivesMatter no matter how many times you hit the proverbial snooze button https://t.co/gv9‚Ä¶",244,0,Twitter for iPhone,6/8/20 19:17,Nederland
1270072562089890000,"RT @AamerAnwar: Would mean the world to Collette partner of #ShekuBayoh &amp; his family if you‚Äôd repost all your pictures of banners, Placards‚Ä¶",57,0,Twitter for iPhone,6/8/20 19:17,"Stepps, Scotland"
1270072561947240000,"RT @DrRobDavidson: IMPORTANT: In coming weeks, as #COVID19 numbers stay high (or rise) in many states, @realdonaldtrump may try to blame it‚Ä¶",39013,0,Twitter for iPhone,6/8/20 19:17,"Madison, WI"
1270072561783760000,This post from #CallofDuty is a nice touch...the added security and anti racism searches are a good change for the‚Ä¶ https://t.co/ebxFZLlOyN,0,0,Twitter for Android,6/8/20 19:17,"England, United Kingdom"
1270072561573990000,"RT @TeelaResists: #BlackLivesMatter 

omg - this wins the internet today

this is the america i wanna live in

‚ù§Ô∏è‚ù§Ô∏è‚ù§Ô∏è https://t.co/dwJeljpS‚Ä¶",7781,0,Twitter Web App,6/8/20 19:17,"Limoges, France"
1270072561553080000,RT @Prerana_Issar: Together we must stand against all forms of racism &amp; discrimination. #OurNHSPeople #Blacklivesmatter #NHS,10,0,Twitter for Android,6/8/20 19:17,"Lincoln, United Kingdom"
1270072559514660000,"üì¢ Ciclistas protestan por la reducci√≥n a cero de su calendario
üì¢ Futbolistas exigen m√°s salario y jugar tras la pan‚Ä¶ https://t.co/8WSEcGUFTd",0,0,Twitter Web App,6/8/20 19:17,Cuba
1270072559464250000,"What a disgrace to the teaching profession. This is the result of ignorance. In another video, she says she's exper‚Ä¶ https://t.co/c7fbGv7blG",0,0,Twitter for Android,6/8/20 19:17,"London, England"
1270072559153880000,RT @holyfaulkner: here‚Äôs a thread of petitions i KNOW you haven‚Äôt signed yet #BlackLivesMatter https://t.co/EzNOzTj7In,31513,0,Twitter for iPhone,6/8/20 19:17,"Tampa, FL"
1270072557996300000,RT @TilaneJ: They forgot to report that it was a white man who drove the car into the protest and the protestor who he shot put a barrier i‚Ä¶,15,0,Twitter for iPhone,6/8/20 19:17,"Boston, MA"
1270072557652390000,"RT @tokyoghost777: Taken from reddit, I didn‚Äôt know this was a thing and it could help!! #BlackLivesMatter https://t.co/q6bxA9hP1E",2,0,Twitter for iPhone,6/8/20 19:17,"London, England"
1270072557434260000,"RT @BBCSpotlight: Evey from Cornwall wants you to hear her story.

#blacklivesmatter https://t.co/jemu8QbisL",37,0,Twitter for iPhone,6/8/20 19:17,South West of England
1270072557396540000,"RT @JoshuaPotash: Okay this is LA‚Äôs #BlackLivesMatter protest today.

 https://t.co/QnAOUHL8Np",73704,0,Twitter for iPhone,6/8/20 19:17,"Georgia, USA"
1270072557165830000,"@MichaelRich1951 @MinajLatest @ShanahanMary @ASPolice I COMMEND THE PEOPLE WHO DONE IT. HE'S A SLAVE TRADER, PEADOP‚Ä¶ https://t.co/1jtKDnQH2g",0,1,Twitter for Android,6/8/20 19:17,UK
1270072556851250000,RT @DamienRieu: ¬´¬†Ou √©tiez-vous quand des gangs pakistanais ont viol√© des milliers de petites britanniques ?¬†¬ª #BlackLivesMatter https://t.‚Ä¶,583,0,Twitter Web App,6/8/20 19:17,"Cancale, France"
1270072556771570000,"Excellent! Contribute to @fiyahlitmag, writers!!! #BlackLivesMatter https://t.co/StxNetiJ6D",0,0,Twitter for iPhone,6/8/20 19:17,"Pittsburgh, PA"
1270072553902610000,"RT @TrumperSeaney: #mondaythoughts 
‚ö†Ô∏è IT SEEMS LIKE ONLY #CRIMINALL #blacklivesmatter  TO THE #FakeNewsMedia üî•üî•üî•
THEY COULDN'T CARE LESS A‚Ä¶",168,0,Twitter for Android,6/8/20 19:17,"La, USA"